UAL2835,B763,UMLAT
TAP63V,A21N,GOGSI
AUA4M,A320,BPK
SWR79MG,A20N,DET
BAW472,A20N,MAXIT
BAW53YR,A320,MAXIT
BAW8608,A20N,MAXIT
BAW456,A320,GOGSI
AFR56CB,A320,MAXIT
LOT286,B38M,BPK
DLH9H,A20N,DET
KLM1000,B737,BPK
DLH8PL,A20N,DET
BAW84W,A21N,CPT
SAS500,A20N,BPK
BAW710R,A320,MAXIT
SHT4A,A319,UMLAT
SAS1530,A20N,BPK
ITY229,A319,MAXIT
SHT18Z,A20N,UMLAT
BAW812,A320,BPK
BEL62E,A320,DET
BAW964H,A319,BPK
BAW48HY,A321,BPK
BAW724,A320,MAXIT
BAW948M,A21N,DET
SWR9UE,BCS3,MAXIT
SHT2L,A320,UMLAT
BAW5CR,A320,MAXIT
BAW666,A320,GOGSI
THY7XS,A321,DET
BAW388R,A320,DET
BAW894,A21N,UMLAT
BAW304,A20N,MAXIT
BAW776F,A319,BPK
BAW5PT,A320,GOGSI
BAW366U,A320,MAXIT
BAW8VK,A320,BPK
SHT12K,A319,UMLAT
BAW478S,A21N,MAXIT
DLH6U,A20N,DET
FIN2AT,A321,BPK
BAW564Y,A320,MAXIT
BAW8606,A320,MAXIT
SHT6G,A320,UMLAT
BAW4MJ,A320,GOGSI
BAW772,A320,MAXIT
BAW7MY,A319,MAXIT
BAW2DP,A320,MAXIT
BAW90BG,A320,DET
BAW5RI,A21N,DET
BAW165K,B789,DET
EIN151,A20N,CPT
BAW790,A320,BPK
VIR107X,B789,CPT
BAW1340,A20N,GOGSI
SHT2J,A320,UMLAT
QTR006,B77W,DET
BAW68H,A319,DET
BAW380,A320,DET
TAP1351,A20N,GOGSI
BAW342N,A320,MAXIT
BAW430,A320,BPK
BAW46JU,A320,GOGSI
BAW846W,A320,BPK
JBU20,A21N,CPT
BAW41YA,A320,MAXIT
BAW4DC,A319,MAXIT
BAW830D,A321,UMLAT
BAW117,B77W,CPT
DLH5H,A20N,DET
UAL3046,B789,UMLAT
KQA103,B788,MAXIT
BCS6730,A306,BPK
QTR91A,A388,DET
BAW906N,A320,DET
BAW99M,A320,DET
KLM1002,B738,BPK
BAW15PZ,A321,DET
BAW992G,A320,BPK
DLH8YA,A20N,DET
AIC162,B788,DET
BAW726P,A320,MAXIT
BEE6CR,DH8D,GOGSI
SWR5AP,BCS3,DET
DAL59,A332,CPT
BAW540B,A320,MAXIT
EIN15M,A20N,CPT
VIR3N,A35K,CPT
AFR62DR,A320,MAXIT
BAW484C,A21N,MAXIT
BAW253M,B772,CPT
SWR33U,BCS1,MAXIT
ACA869,B38M,CPT
AFR16TL,A321,MAXIT
ETD81C,A35K,DET
AUA4Y,A20N,DET
AAL195,B772,UMLAT
SIA305,B77W,DET
UAL905,B763,CPT
UAE7CN,A388,DET
SHT8R,A321,UMLAT
IBE31WR,A20N,GOGSI
UAL949,B772,UMLAT
BAW5XM,A320,MAXIT
BAW712T,A20N,DET
SHT16N,A320,UMLAT
BAW26E,B789,UMLAT
VIR103M,A35K,CPT
BAW676,A20N,DET
BAW382,A320,MAXIT
SHT6U,A320,UMLAT
DLH9U,A20N,DET
GFA002,B789,DET
BAW139,B77W,DET
BAW962H,A319,BPK
SHT18G,A319,UMLAT
BAW9176,B772,CPT
VIR117F,A333,CPT
DAL17,A332,CPT
BAW207,A388,CPT
BAW406,A21N,DET
EIN7HL,A320,CPT
BEE9BA,DH8D,UMLAT
BAW17A,B772,CPT
BAW65,B772,DET
EIN15N,A21N,CPT
AAL51,B77W,UMLAT
SHT12H,A20N,UMLAT
BAW78G,A321,MAXIT
EIN381,A21N,CPT
SVA110,B77W,DET
BAW93G,A320,DET
BAW414,A20N,GOGSI
UAL879,B772,UMLAT
AAL109,B772,CPT
BAW886Q,A320,BPK
DAL2,B764,CPT
BAW75,B772,MAXIT
BAW283,B77W,UMLAT
VIR105,B789,UMLAT
AAL729,B789,CPT
BAW492U,A320,GOGSI
SAS804,A20N,BPK
FIN7KL,A359,BPK
SHT8M,A21N,UMLAT
BAW668R,A321,GOGSI
LOT2YJ,B38M,BPK
UAL929,B763,UMLAT
MAS3,A359,DET
BAW474K,A320,MAXIT
BAW852,A20N,BPK
DLH5U,A20N,DET
BAW88L,A319,DET
SHT8F,A21N,UMLAT
AAL101,B772,UMLAT
SHT2Q,A320,UMLAT
BAW255,B77W,CPT
VIR302,B789,DET
BAW412M,A321,GOGSI
BAW408V,A320,MAXIT
IBE31AP,A20N,GOGSI
BAW185,B772,CPT
DAL51,A333,UMLAT
VIR229,B789,CPT
BAW818,A20N,BPK
BAW11M,B788,UMLAT
SIA317,A388,DET
BAW700W,A320,BPK
HVN50,B789,DET
BAW448,A20N,GOGSI
BAW740,A20N,MAXIT
BAW34E,A319,BPK
BAW143,B789,DET
BEL1LH,A320,DET
BAW19F,A388,UMLAT
EUK93C,A320,UMLAT
DLH2FM,A20N,DET
ACA856,B789,DET
BAW396,A320,DET
AAL137,B77W,UMLAT
CPA252,B77W,DET
BAW249,B788,GOGSI
KLM1024,B738,BPK
IBE31BR,A20N,GOGSI
AMC101,A20N,MAXIT
SHT6T,A319,UMLAT
BAW173A,B77W,CPT
DLH7H,A20N,DET
VIR91,A333,CPT
SHT8G,A21N,UMLAT
BAW219V,B788,UMLAT
AFR41AK,A320,MAXIT
THY4TC,B77W,DET
UAL26,B789,UMLAT
VIR131,A333,CPT
BAW6CR,A21N,DET
BAW13G,B77W,CPT
BAW9L,B772,UMLAT
BAW50M,A20N,MAXIT
BAW5,B789,DET
THA911,B77W,DET
QFA10,B789,DET
AAL173,B772,UMLAT
BAW7GV,A20N,MAXIT
AAL47,B789,CPT
BAW754B,A319,MAXIT
BAW1344,A20N,GOGSI
UAL17,B772,UMLAT
ACA855,B789,UMLAT
VIR19Z,B789,UMLAT
BAW58TL,A320,GOGSI
SWR194C,A321,DET
UAL919,B772,CPT
UAL928,B763,UMLAT
AAL733,B772,UMLAT
BAW952M,A320,DET
MEA202,A21N,DET
AAL81,B772,UMLAT
BAW85Q,A319,CPT
BAW91C,B772,UMLAT
EWG14NR,A319,BPK
AEE601,A20N,DET
ICE451,B38M,UMLAT
BAW7W,B789,CPT
EIN159,A20N,CPT
JBU1621,A21N,CPT
VIR5C,A339,UMLAT
VIR7B,A35K,UMLAT
SHT18C,A20N,UMLAT
TAP67M,A20N,GOGSI
DAL11,A333,UMLAT
DAL31,B764,UMLAT
BAW682Z,A320,DET
BAW281,B77W,UMLAT
UAL900,B789,UMLAT
ALK506,A333,DET
AAL39,B772,CPT
BAW690,A320,DET
BAW788,A320,MAXIT
BAW107,B789,DET
BAW560F,A320,MAXIT
BAW243,B789,UMLAT
BAW4RE,A320,GOGSI
BAW438,A320,BPK
VIR45W,A35K,CPT
LZB852,A319,DET
BAW14R,A320,MAXIT
BAW44N,A35K,UMLAT
BAW279,B789,UMLAT
ACA851,B788,UMLAT
AIC150,B788,DET
P4787,B788,DET
SHT4B,A320,UMLAT
VIR133V,A333,CPT
BAW520,A20N,GOGSI
SHT2V,A20N,UMLAT
BAW314S,A319,MAXIT
QTR18G,B77L,MAXIT
WIF7G,DH8D,BPK
AAL155,B772,UMLAT
UAE9944,B77L,DET
BAW480N,A320,MAXIT
BAW42X,A321,DET
BAW263,B772,DET
ASL42V,A319,DET
BAW58EW,A319,DET
BAW3TV,A320,MAXIT
BAW48G,A320,DET
BAW223N,B788,UMLAT
ACA865,A333,UMLAT
VIR129R,A339,UMLAT
BAW732,A320,MAXIT
BAW81,A35K,MAXIT
BAW125,B772,DET
DLH1U,A20N,DET
AIC170,B788,BPK
BAW460M,A320,GOGSI
AAL731,B772,UMLAT
BAW780F,A21N,BPK
UAL147,B763,UMLAT
TAP1359,A21N,GOGSI
UAE2,A388,DET
BAW67V,B77W,CPT
SWR9JA,A20N,DET
UAL4,B789,UMLAT
BAW84DM,A21N,CPT
SHT6R,A321,UMLAT
DLH5CV,A20N,DET
AAL135,B77W,UMLAT
BAW119,B77W,DET
SAS532,A20N,BPK
ETD71M,B78X,DET
BAW225Y,B788,UMLAT
BAW994G,A320,BPK
MSR778,B77W,DET
DAH2055,B738,MAXIT
BAW15K,B772,CPT
EIN715,A320,CPT
BAW908N,A320,DET
BAW35,B788,DET
AAL21,B772,UMLAT
BAW704W,A321,BPK
BAW954M,A320,DET
BAW722P,A20N,MAXIT
BAW35AW,A320,MAXIT
QTR004,A388,DET
BAW446,A319,BPK
BAW9CG,A35K,UMLAT
EIN38W,A20N,CPT
BAW750P,A20N,MAXIT
SHT8A,A20N,UMLAT
BAW209,B772,CPT
SWR89DM,BCS3,MAXIT
BAW688,A320,DET
ACA861,B77W,UMLAT
DAL33,B764,UMLAT
BAW34XR,A320,MAXIT
SHT18F,A320,UMLAT
BAW808C,A320,BPK
SEH7LH,A20N,DET
BAW9277,A320,UMLAT
BAW49,B78X,UMLAT
BAW277,B788,DET
BAW12P,A320,BPK
LOG3NA,AT76,UMLAT
SHT12U,A319,UMLAT
AAL57,B772,CPT
BAW792,A320,BPK
WJA19,B789,UMLAT
ROT392,A318,DET
BAW568J,A319,MAXIT
BAW5LI,A320,GOGSI
BAW123,B78X,DET
ACA857,B77W,UMLAT
AFR78ZQ,A320,MAXIT
SVA116,B78X,DET
BAW734,A320,MAXIT
BAW312,A20N,DET
BAW16UP,A321,MAXIT
BAW7TG,B772,CPT
BAW97A,B788,UMLAT
THY36Q,A321,DET
AIC128,B788,DET
UAL959,B763,UMLAT
BAW856Z,A320,BPK
BAW28K,A388,UMLAT
BAW826Q,A320,UMLAT
BAW22B,B788,CPT
UAL935,B789,UMLAT
SHT8N,A320,UMLAT
EUK9KN,A320,UMLAT
SHT2P,A320,UMLAT
BAW51GA,A320,GOGSI
CCA576,B789,BPK
DLH3U,A320,DET
BAW2AS,A35K,UMLAT
AAL105,B77W,UMLAT
KLM1032,E190,BPK
KAC102,B77W,DET
IBE3177,A20N,GOGSI
BAW29Q,A388,UMLAT
UAE79Y,A388,DET
BAW4TH,A21N,DET
BAW4LT,A321,BPK
UAL941,B763,UMLAT
DAL4,B764,UMLAT
MAU53,A359,MAXIT
QTR8359,B77L,DET
RJA112,B788,DET
BAW796K,A320,MAXIT
BAW4GS,A320,MAXIT
BAW275,A35K,UMLAT
BAW820,A21N,BPK
BAW135,A35K,DET
THY23J,A333,DET
FIN1336,A320,BPK
BAW1348,A319,GOGSI
UAL925,B763,UMLAT
VIR155M,B789,UMLAT
EIN169,A20N,CPT
VIR11B,A339,CPT
KLM1018,E190,BPK
BAW660,A21N,DET
SHT6F,A20N,UMLAT
BAW6FM,A320,DET
BAW86LG,A320,BPK
BAW44E,A319,BPK
BAW293,B78X,CPT
BAW189,B772,CPT
AEE3LG,A21N,DET
BAW464,A320,GOGSI
BCS6717,A306,DET
THY7YX,A321,DET
SHT8U,A20N,UMLAT
DLH3KY,A20N,DET
VIR21K,B789,CPT
BAW912N,A319,DET
BAW50G,B77W,CPT
CTN82W,A319,DET
VIR23J,A35K,UMLAT
ITY207,A320,MAXIT
SAS506,A320,BPK
UAL25,B763,UMLAT
BAW958M,A20N,DET
BAW784F,A320,BPK
SWR3YZ,BCS3,DET
AAL107,B77W,UMLAT
BAW924,A20N,MAXIT
BAW348K,A20N,MAXIT
BAW99,B772,UMLAT
IBE31RR,A20N,GOGSI
RAM801F,B788,GOGSI
SHT18V,A20N,UMLAT
BAW860J,A319,BPK
BAW5VY,B772,UMLAT
BAW596,A320,MAXIT
BAW932,A319,BPK
SWR9NW,BCS3,MAXIT
KQA101,B788,DET
SHT2G,A319,UMLAT
DLH3H,A20N,DET
SAS810,A20N,BPK
BAW4VK,A320,BPK
BAW798,A320,MAXIT
BAW708Z,A320,MAXIT
AFR32MC,A320,MAXIT
THY5KB,A333,DET
VIR478,B789,MAXIT
SHT4D,A20N,UMLAT
JAL44,B77W,DET
SHT8H,A320,UMLAT
DLH8PA,A20N,DET
CPA250,A35K,DET
BAW31,B789,DET
VIR300,A35K,DET
BAW442,A21N,BPK
ACA859,A333,UMLAT
RAM807,B38M,GOGSI
KAC106,B77W,DET
BAW179,B77W,CPT
UAL921,B763,CPT
BAW84KV,A320,BPK
SVA104,B77W,DET
SHT6J,A320,UMLAT
EIN723,A320,CPT
LOT2ET,B38M,BPK
FIN4CE,A321,BPK
VIR9M,A35K,CPT
BBC202,B788,DET
QTR28H,B77W,DET
BAW88P,A321,BPK
BAW5FC,A321,MAXIT
BAW55K,A388,MAXIT
BAW61,B77W,DET
BEE3SD,DH8D,UMLAT
BAW828Y,A21N,CPT
BAW870,A21N,DET
BAW43,A35K,MAXIT
DHK795,B763,BPK
DLH8U,A20N,DET
TAP57W,A319,GOGSI
SHT12Q,A320,UMLAT
BAW544K,A320,MAXIT
BAW257,B772,DET
BAW16GM,A319,MAXIT
BCS89N,A306,MAXIT
SWR56HL,BCS3,MAXIT
VIR354,B789,DET
BAW706V,A320,DET
BAW11,B789,DET
IBE31SZ,A333,GOGSI
SHT8K,A320,UMLAT
EIN17R,A320,CPT
KAL908,B77W,DET
BAW756,A20N,MAXIT
BAW81RC,B772,CPT
BAW988,A320,BPK
ANA212,B77W,DET
UAE67A,A388,DET
BAW364,A320,MAXIT
IBE31YR,A20N,GOGSI
BAW239,B788,CPT
BAW972,A321,BPK
BAW738,A20N,MAXIT
ETD42B,B789,DET
BAW482P,A20N,MAXIT
SHT16V,A20N,UMLAT
BAW8GT,A320,BPK
BAW132L,A319,GOGSI
SWR37G,BCS1,MAXIT
BAW26AV,A320,DET
BAW6DP,A320,MAXIT
BAW54L,A320,GOGSI
IBE3179,A20N,GOGSI
BAW183,B772,CPT
TAP1369,A20N,GOGSI
BAW92RU,A320,DET
BAW404R,A320,DET
SWR339,BCS3,DET
OMA102,B789,DET
AAR522,A359,DET
RBA4,B788,MAXIT
BAW326,A320,MAXIT
ETH701,A359,DET
UAE4,A388,DET
VIR25B,B789,CPT
CCA850,A359,BPK
QTR002,B77W,DET
AMC103,A20N,MAXIT
BAW199,B772,DET
SIA319,A388,DET
TAM8085,B77W,GOGSI
ICE455,B38M,UMLAT
QFA2,A388,DET
ALK504,A333,DET
BAW105,B772,DET
KAL504,B77L,MAXIT
AIC130,B788,BPK
EIN179,A20N,CPT
SHT6N,A319,UMLAT
VTI018,B789,DET
ETD69K,B789,DET
BAW247,A35K,CPT
BAW57K,A388,MAXIT
CAL082,A359,DET
BAW163J,B789,DET
EVA068,B77W,BPK
QTR61L,B77W,DET
MAS1,A359,DET
AIC112,B788,DET
BAW245,B789,CPT
BAW109,A388,DET
THA917,B77W,DET
BAW15,B77W,DET
AVA121,B788,GOGSI
CCA580,A359,BPK
AHY008,B788,BPK
GFA006,B789,DET
UAE6,A388,DET
VIR453,B789,DET
MEA204,A21N,DET
SIA321,A359,DET
CPA254,A35K,DET
BAW59,B772,MAXIT
AEE609,A20N,DET
BAW251,B789,GOGSI
ELY318,B789,DET
BAW83,B772,MAXIT
VIR449,B789,MAXIT
VIR378,B789,DET
VIR411Y,A35K,MAXIT
MSR780,A20N,DET
AMX008,B788,UMLAT
THY9WX,A21N,DET
SIA7393,B744,DET
BCS6756,A306,DET